WL,DC,DC_std,AC,AC_std,CD,CD_std,I_L,I_L_std,I_R,I_R_std,gabs,gabs_std,m_ellip,m_ellip_std,ellip,ellip_std
380.0,0.010140035301446915,0.0,2.191034940447234e-05,4.568424937439818e-07,2.191034940447234e-05,1.9562893408724544e-05,0.010161945650851387,4.568424937439818e-07,0.010118124952042442,4.568424937439818e-07,0.0021607764424001444,4.5053343520292626e-05,3.094329442916056,0.06451842246197355,0.030945170917603806,0.0006452233504065528
381.0,0.011355576105415821,0.0,2.5712813411932283e-05,5.896513623835613e-07,2.5712813411932283e-05,2.2547178137321442e-05,0.011381288918827753,5.896513623835613e-07,0.011329863292003889,5.896513623835613e-07,0.0022643336782947592,5.192615125025128e-05,3.2426280812054347,0.07436059349688612,0.03242824723296472,0.0007436510293251358
382.0,0.01268178503960371,0.0,3.025807620531538e-05,4.526455305303796e-07,3.025807620531538e-05,1.549829456692441e-05,0.012712043115809025,4.526455305303796e-07,0.012651526963398396,4.526455305303796e-07,0.00238594772824354,3.569257238762692e-05,3.4167848926388165,0.051113375481716704,0.034169920960889465,0.0005111647514063009
383.0,0.014074744656682014,0.0,3.5246438858313724e-05,5.013261279929019e-07,3.5246438858313724e-05,1.546628031015527e-05,0.014109991095540328,5.013261279929019e-07,0.014039498217823701,5.013261279929019e-07,0.002504232916337875,3.561884355428759e-05,3.586174623570261,0.051007792462892075,0.03586392099290308,0.000510108857189541
384.0,0.01557664293795824,0.0,4.085553111664058e-05,4.291670643626754e-07,4.085553111664058e-05,1.1963509058239515e-05,0.015617498469074882,4.291670643626754e-07,0.0155357874068416,4.291670643626754e-07,0.002622871390155641,2.7551961361125602e-05,3.7560702756115085,0.03945565287407392,0.037562980542819514,0.0003945804557588557
385.0,0.017221815884113312,0.0,4.6723093231849466e-05,3.611785120589966e-07,4.6723093231849466e-05,9.106448264076854e-06,0.01726853897734516,3.611785120589966e-07,0.017175092790881464,3.611785120589966e-07,0.0027130178110282978,2.0972150352168993e-05,3.8851640211773018,0.030033066374925466,0.038853996284557234,0.0003003488766457828
386.0,0.018957054242491722,0.0,5.399273233672949e-05,3.3095153039452886e-07,5.399273233672949e-05,7.580530561788498e-06,0.01901104697482845,3.3095153039452886e-07,0.018903061510154993,3.3095153039452886e-07,0.0028481604602737403,1.7457961883798908e-05,4.078694397734606,0.025000589792778465,0.04078941741239623,0.0002500210589889082
387.0,0.02070876583456993,0.0,6.0872404230576e-05,5.997420484957761e-07,6.0872404230576e-05,1.2575241767691803e-05,0.020769638238800507,5.997420484957761e-07,0.020647893430339355,5.997420484957761e-07,0.002939451086407061,2.896078179099422e-05,4.2094266969042495,0.04147314734984757,0.042096819683837466,0.00041475662398201104
388.0,0.022534934803843498,0.0,6.860850557948583e-05,5.616506844708106e-07,6.860850557948583e-05,1.0822212282910823e-05,0.022603543309422984,5.616506844708106e-07,0.022466326298264012,5.616506844708106e-07,0.003044539785745648,2.4923554887543623e-05,4.359918460003972,0.03569165610903989,0.043601828577274404,0.00035693820551496475
389.0,0.02435133047401905,0.0,7.717971844129075e-05,4.5058819519604935e-07,7.717971844129075e-05,8.034579957521856e-06,0.02442851019246034,4.5058819519604935e-07,0.02427415075557776,4.5058819519604935e-07,0.003169425117187557,1.8503637642172836e-05,4.538759894261643,0.026498044699907082,0.04539035137432914,0.00026499651615898587
390.0,0.026077086105942726,0.0,8.605445093298396e-05,6.606111297560845e-07,8.605445093298396e-05,1.1000005119166228e-05,0.02616314055687571,6.606111297560845e-07,0.025991031655009742,6.606111297560845e-07,0.0033000025609982915,2.5333011789439823e-05,4.725752690478664,0.03627801688301022,0.047260392734192636,0.00036280216884034054
391.0,0.02797684818506241,0.0,9.433700392847904e-05,5.745339674418642e-07,9.433700392847904e-05,8.91708663052576e-06,0.028071185188990887,5.745339674418642e-07,0.02788251118113393,5.745339674418642e-07,0.0033719668242989612,2.0536050510100827e-05,4.828808765322612,0.02940855170747396,0.04829101597873571,0.0002941033512480006
392.0,0.029863309115171432,0.0,0.00010289313800131652,7.689437429441334e-07,0.00010289313800131652,1.1180537940542702e-05,0.029966202253172747,7.689437429441334e-07,0.029760415977170118,7.689437429441334e-07,0.0034454700784999005,2.5748778877069843e-05,4.934068744634248,0.03687341412790983,0.04934367960446536,0.00036875650235497937
393.0,0.03171380236744881,0.0,0.00011277301557882813,7.830061197252594e-07,0.00011277301557882813,1.0720694069414637e-05,0.03182657538302763,7.830061197252594e-07,0.03160102935186998,7.830061197252594e-07,0.0035559600918298865,2.468975844186191e-05,5.092295433284831,0.03535684904092947,0.05092604244408742,0.00035358993179743356
394.0,0.033470794558525085,0.0,0.0001229442311856767,6.565751440179526e-07,0.0001229442311856767,8.517741925999498e-06,0.03359373878971076,6.565751440179526e-07,0.03334785032733941,6.565751440179526e-07,0.003673179343582763,1.961635965557685e-05,5.260158695239232,0.028091512871946344,0.05260477686063686,0.00028093216420331545
395.0,0.035425473004579544,0.0,0.00013279783192427923,8.544348198832829e-07,0.00013279783192427923,1.0472957538201626e-05,0.03555827083650382,8.544348198832829e-07,0.03529267517265527,8.544348198832829e-07,0.003748653741535423,2.4119221210478345e-05,5.368241441417206,0.034539813960988965,0.05368566986683514,0.00034541908552496604
396.0,0.03728542476892471,0.0,0.00014156116830733314,6.718264892492877e-07,0.00014156116830733314,7.823914403338637e-06,0.037426985937232045,6.718264892492877e-07,0.03714386360061738,6.718264892492877e-07,0.003796689167004377,1.801847487088888e-05,5.437030339895977,0.025803269702210828,0.05437360056714649,0.00025804834485091495
397.0,0.039096083492040634,0.0,0.00015224969183655392,6.792282976223403e-07,0.00015224969183655392,7.543772443162145e-06,0.03924833318387719,6.792282976223403e-07,0.03894383380020408,6.792282976223403e-07,0.003894244083746896,1.737330793660242e-05,5.576733386103892,0.024879361517548753,0.055770715749083856,0.00024880870272037385
398.0,0.041087016463279724,0.0,0.00016335381708309208,7.551898675110682e-07,0.00016335381708309208,7.981005503617417e-06,0.04125037028036282,7.551898675110682e-07,0.04092366264619663,7.551898675110682e-07,0.003975801387990403,1.8380255674830913e-05,5.693527128785216,0.02632135615093024,0.05693872400290903,0.00026322952352030965
399.0,0.04275797680020332,0.0,0.00017289120934837113,8.57292678582196e-07,0.00017289120934837113,8.705987304892762e-06,0.0429308680095517,8.57292678582196e-07,0.04258508559085495,8.57292678582196e-07,0.004043484334075156,2.0049888763168032e-05,5.790452164038153,0.02871234613153633,0.057908033133507085,0.00028714087328997307
400.0,0.044598937034606934,0.0,0.0001840182578609228,8.870593719867123e-07,0.0001840182578609228,8.636429710973264e-06,0.044782955292467855,8.870593719867123e-07,0.04441491877674601,8.870593719867123e-07,0.0041260682450375945,1.9889697624371427e-05,5.908716053900993,0.028482945186789826,0.059090743750686035,0.0002848467247273202
401.0,0.04644249007105827,0.0,0.00019436342654218915,7.424986110575586e-07,0.00019436342654218915,6.942025597103334e-06,0.04663685349760046,7.424986110575586e-07,0.04624812664451609,7.424986110575586e-07,0.004185034571677957,1.5987484950128978e-05,5.993158496480202,0.022894800419246797,0.05993521938475137,0.00022896188824366215
402.0,0.04818430915474892,0.0,0.0002046983294576754,9.112756802767113e-07,0.0002046983294576754,8.21202391711162e-06,0.04838900748420659,9.112756802767113e-07,0.047979610825291244,9.112756802767113e-07,0.00424823626297651,1.891229108110806e-05,6.083666172512606,0.02708325487863412,0.060840351031476884,0.00027084897283417543
403.0,0.04961232468485832,0.0,0.00021055295392985102,7.93831140162339e-07,0.00021055295392985102,6.9477569297055045e-06,0.04982287763878817,7.93831140162339e-07,0.049401771730928475,7.93831140162339e-07,0.0042439646855353215,1.6000684209111778e-05,6.077549080718841,0.022913702354168754,0.060779176403962645,0.00022915091905554693
404.0,0.05148044228553772,0.0,0.0002215787973913225,9.474509903929932e-07,0.0002215787973913225,7.991357262524684e-06,0.05170202108292904,9.474509903929932e-07,0.0512588634881464,9.474509903929932e-07,0.004304135464927234,1.8404095775594346e-05,6.163716354029534,0.026355496251806408,0.06164090139132871,0.0002635709452325891
405.0,0.053316958248615265,0.0,0.0002323930923539489,8.256615772608125e-07,0.0002323930923539489,6.724233285417018e-06,0.05354935134096921,8.256615772608125e-07,0.05308456515626132,8.256615772608125e-07,0.004358708748355587,1.5485909256315394e-05,6.241867760345951,0.022176521375305326,0.06242246284770471,0.00022177866221962408
406.0,0.055080026388168335,0.0,0.00023846264651237423,1.002034407751334e-06,0.00023846264651237423,7.899408208428211e-06,0.05531848903468071,1.002034407751334e-06,0.05484156374165596,1.002034407751334e-06,0.004329385117426125,1.819233710401017e-05,6.1998749966441,0.02605224827139624,0.06200250974509269,0.00026053828153037924
407.0,0.05690557137131691,0.0,0.0002491834645570088,1.0248119679730713e-06,0.0002491834645570088,7.819796698222252e-06,0.05715475483587392,1.0248119679730713e-06,0.0566563879067599,1.0248119679730713e-06,0.004378893991434536,1.8008991796005845e-05,6.270773939970083,0.025789689510736985,0.06271154217346674,0.0002579125347007663
408.0,0.058411337435245514,0.0,0.0002567472335414233,9.579139909762344e-07,0.0002567472335414233,7.120908874355551e-06,0.05866808466878694,9.579139909762344e-07,0.05815459020170409,9.579139909762344e-07,0.004395503421335829,1.639945313764083e-05,6.294559393645492,0.023484757467624608,0.0629494111343892,0.00023486181649399478
409.0,0.06022346019744873,0.0,0.00026538687690576013,1.2803321024791856e-06,0.00026538687690576013,9.2313027060687e-06,0.06048884707435449,1.2803321024791856e-06,0.05995807332054297,1.2803321024791856e-06,0.004406702571317926,2.1259690132076216e-05,6.310597082156545,0.030444836324614574,0.06310979774520532,0.00030446682585155786
410.0,0.06188628077507019,0.0,0.0002727241925272448,8.445887790086395e-07,0.0002727241925272448,5.925936396730537e-06,0.06215900496759744,8.445887790086395e-07,0.061613556582542944,8.445887790086395e-07,0.004406860278427121,1.3647431521670429e-05,6.310822925858725,0.01954373823641731,0.06311205631918511,0.00019544923423696657
411.0,0.06354965269565582,0.0,0.0002800843998846457,9.90168799043993e-07,0.0002800843998846457,6.765534575549724e-06,0.06382973709554046,9.90168799043993e-07,0.06326956829577118,9.90168799043993e-07,0.004407331716287915,1.558102612749101e-05,6.311498046164805,0.022312733030162988,0.06311880793165785,0.000223140861370781
412.0,0.06518755108118057,0.0,0.00028326723237302503,1.252532914608447e-06,0.00028326723237302503,8.343159441418992e-06,0.0654708183135536,1.252532914608447e-06,0.06490428384880755,1.252532914608447e-06,0.004345419143300251,1.9214296193587936e-05,6.222836445768229,0.027515739837799837,0.06223213816080282,0.0002751740846968812
413.0,0.06686367094516754,0.0,0.00029033458772211924,1.0049952182524918e-06,0.00029033458772211924,6.52649246451399e-06,0.06715400553288967,1.0049952182524918e-06,0.06657333635744542,1.0049952182524918e-06,0.00434218737347239,1.503051214577572e-05,6.218208405432889,0.02152437214796714,0.06218585495087554,0.0002152567744646004
414.0,0.06848764419555664,0.0,0.00029594169043994716,1.0984122586364213e-06,0.00029594169043994716,6.964007101919781e-06,0.06878358588599659,1.0984122586364213e-06,0.06819170250511669,1.0984122586364213e-06,0.004321096073839657,1.6038108355721258e-05,6.188004711907594,0.02296729542213144,0.06188379969925296,0.00022968688223551822
415.0,0.06978129595518112,0.0,0.0002991326520025536,1.1870303433117612e-06,0.0002991326520025536,7.386332469357995e-06,0.07008042860718368,1.1870303433117612e-06,0.06948216330317857,1.1870303433117612e-06,0.0042867167757199495,1.701072367693146e-05,6.13877200448302,0.024360124483942668,0.06139144276890811,0.00024361601750436538
416.0,0.07137885689735413,0.0,0.00030415992358563085,9.935871286072229e-07,0.00030415992358563085,6.044250153879759e-06,0.07168301682093976,9.935871286072229e-07,0.07107469697376849,9.935871286072229e-07,0.004261204743346142,1.3919908104385085e-05,6.102237622038895,0.019933937007495444,0.06102607678898933,0.0001993514585752622
417.0,0.07330387830734253,0.0,0.0003141115606577048,1.0594423746548202e-06,0.0003141115606577048,6.2756172621495376e-06,0.07361798986800024,1.0594423746548202e-06,0.07298976674668482,1.0594423746548202e-06,0.004285060598577382,1.4452746554730385e-05,6.136400284024407,0.020696985730569176,0.06136772412604396,0.00020698240854021604
418.0,0.07466862350702286,0.0,0.0003158308126076661,9.523974509571534e-07,0.0003158308126076661,5.53842324150452e-06,0.07498445431963052,9.523974509571534e-07,0.07435279269441519,9.523974509571534e-07,0.00422976610219634,1.2754988725184908e-05,6.057216068190852,0.018265719850481907,0.06057583394817182,0.00018266827535130207
419.0,0.07623869180679321,0.0,0.0003238013912555022,1.0604920999315049e-06,0.0003238013912555022,6.040015652647695e-06,0.07656249319804871,1.0604920999315049e-06,0.07591489041553771,1.0604920999315049e-06,0.00424720550132328,1.3910156048047643e-05,6.082190075277541,0.019919971622432097,0.06082558916397934,0.00019921179625562627
420.0,0.0776369571685791,0.0,0.000327201801869276,8.181344318623671e-07,0.000327201801869276,4.5757493533738e-06,0.07796415897044838,8.181344318623671e-07,0.07730975536670982,8.181344318623671e-07,0.0042145108953561584,1.0537950760819862e-05,6.035369923093621,0.015090821367426791,0.06035735924908242,0.00015091736517297466
421.0,0.07927434891462326,0.0,0.00033403935271524737,1.2500612788153635e-06,0.00033403935271524737,6.847068633140908e-06,0.07960838826733851,1.2500612788153635e-06,0.078940309561908,1.2500612788153635e-06,0.004213712976375251,1.5768799062123515e-05,6.034227267080147,0.022581632352098716,0.06034593199600892,0.00022583001765825344
422.0,0.0806850790977478,0.0,0.0003355136398748259,1.0513484754558494e-06,0.0003355136398748259,5.6579554326324625e-06,0.08102059273762263,1.0513484754558494e-06,0.08034956545787297,1.0513484754558494e-06,0.004158310850366276,1.3030271361352562e-05,5.954888920759,0.01865993701682186,0.05955250041979179,0.00018661068607908388
423.0,0.08157262206077576,0.0,0.0003434902970228796,1.132026901998965e-06,0.0003434902970228796,6.025850980304415e-06,0.08191611235779864,1.132026901998965e-06,0.08122913176375288,1.132026901998965e-06,0.004210852714369802,1.3877534807641067e-05,6.030131242723234,0.019873256533043962,0.060304969268495365,0.0001987446170324002
424.0,0.08273728936910629,0.0,0.0003440885145684185,1.269259328877859e-06,0.0003440885145684185,6.6612408646208555e-06,0.08308137788367471,1.269259328877859e-06,0.08239320085453787,1.269259328877859e-06,0.0041588081648816924,1.534083771122183e-05,5.955601097603049,0.02196877237151958,0.05955962262011636,0.00021970104619692505
425.0,0.08430233597755432,0.0,0.00035377424092353595,9.328316518522132e-07,0.00035377424092353595,4.8047381775573365e-06,0.08465611021847785,9.328316518522132e-07,0.08394856173663079,9.328316518522132e-07,0.004196493926547054,1.1065312022914545e-05,6.009568810139898,0.015846026509584096,0.06009933247302429,0.00015846987457219608
426.0,0.08557228744029999,0.0,0.0003598020644530862,1.3353584650219406e-06,0.0003598020644530862,6.775959234711854e-06,0.08593208950475308,1.3353584650219406e-06,0.0852124853758469,1.3353584650219406e-06,0.004204656381355988,1.56050341175414e-05,6.021257814030417,0.022347113556079694,0.06021622960047034,0.00022348468747926636
427.0,0.08637142181396484,0.0,0.00036663415640937434,1.1677560589716746e-06,0.00036663415640937434,5.870676135110623e-06,0.08673805597037422,1.1677560589716746e-06,0.08600478765755547,1.1677560589716746e-06,0.004244854938234855,1.3520167139159766e-05,6.078823962787039,0.019361489893594836,0.06079192599776899,0.00019362664028821857
428.0,0.08756019175052643,0.0,0.0003712570008705887,1.501294149625359e-06,0.0003712570008705887,7.44500768308383e-06,0.08793144875139702,1.501294149625359e-06,0.08718893474965583,1.501294149625359e-06,0.00424002041850664,1.714585269414206e-05,6.07190071221663,0.02455363533881047,0.06072268929361094,0.0002455512434034709
429.0,0.08852896839380264,0.0,0.0003804523528803719,1.0091190042276868e-06,0.0003804523528803719,4.949519545553381e-06,0.08890942074668301,1.0091190042276868e-06,0.08814851604092228,1.0091190042276868e-06,0.004297489960438813,1.1398743513409437e-05,6.154199691501176,0.01632351546123505,0.061545728994873185,0.0001632450536514416
430.0,0.08957098424434662,0.0,0.0003840390099853516,9.509928145518201e-07,0.0003840390099853516,4.610159499620071e-06,0.08995502325433197,9.509928145518201e-07,0.08918694523436127,9.509928145518201e-07,0.004287538126607007,1.0617197327625025e-05,6.1399482160442505,0.015204306029746996,0.06140320559780821,0.0001520522806164692
431.0,0.09035689383745193,0.0,0.0003907069742998204,1.2464545875603241e-06,0.0003907069742998204,5.989922859955312e-06,0.09074760081175176,1.2464545875603241e-06,0.08996618686315211,1.2464545875603241e-06,0.004324041671935791,1.379479234647708e-05,6.192222941400017,0.019754765592132618,0.061925984552230244,0.0001975596357670461
432.0,0.09122398495674133,0.0,0.0003939453110289371,1.2311846074149484e-06,0.0003939453110289371,5.860304730671344e-06,0.09161793026777026,1.2311846074149484e-06,0.0908300396457124,1.2311846074149484e-06,0.004318440059549548,1.3496281794736104e-05,6.184201179502566,0.019327285001754093,0.06184576206863361,0.00019328457062700228
433.0,0.09260234236717224,0.0,0.0004039043028377111,1.2221985129248804e-06,0.0004039043028377111,5.730939724283519e-06,0.09300624667000995,1.2221985129248804e-06,0.09219843806433453,1.2221985129248804e-06,0.004361707193498554,1.3198354185024943e-05,6.246161669195932,0.018900639210687045,0.062465404540151676,0.000189017853986319
434.0,0.09367295354604721,0.0,0.00040911685874336744,7.121752159948465e-07,0.00040911685874336744,3.30125220334603e-06,0.09408207040479058,7.121752159948465e-07,0.09326383668730384,7.121752159948465e-07,0.0043675024994515215,7.602783824305908e-06,6.25446080902784,0.010887529766635207,0.06254840097130268,0.00010888190017075875
435.0,0.09448189288377762,0.0,0.00041396285796459887,1.5855914390698936e-06,0.00041396285796459887,7.286999988456183e-06,0.09489585574174221,1.5855914390698936e-06,0.09406793002581303,1.5855914390698936e-06,0.004381398862042439,1.678196097341459e-05,6.274361027796772,0.024032525961928494,0.0627474152270446,0.00024033983361926184
436.0,0.09607435762882233,0.0,0.00042375262726508574,1.1070959024691333e-06,0.00042375262726508574,5.003614196419257e-06,0.09649811025608741,1.1070959024691333e-06,0.09565060500155724,1.1070959024691333e-06,0.00441067354207279,1.1523323494353547e-05,6.316283691600548,0.01650191961979071,0.06316666728816533,0.00016502920342629992
437.0,0.0969199612736702,0.0,0.0004268572335949482,1.5606234973504687e-06,0.0004268572335949482,6.9918317927697885e-06,0.09734681850726515,1.5606234973504687e-06,0.09649310404007524,1.5606234973504687e-06,0.0044042241452165185,1.610218861874882e-05,6.30704786405735,0.023059061252554764,0.06307430341186765,0.00023060459618913317
438.0,0.09788355231285095,0.0,0.00043166854781883594,9.911189197146934e-07,0.00043166854781883594,4.396652146685687e-06,0.0983152208606698,9.911189197146934e-07,0.09745188376503211,9.911189197146934e-07,0.004410021271389463,1.0125489893817138e-05,6.315349610526464,0.014500158779769396,0.06315732591097145,0.00014501038110198734
439.0,0.09890921413898468,0.0,0.00043102321095447784,1.1234194643430786e-06,0.00043102321095447784,4.931865849355459e-06,0.09934023734993916,1.1234194643430786e-06,0.0984781909280302,1.1234194643430786e-06,0.004357766004983268,1.1358087051065622e-05,6.240517709263925,0.016265293571174306,0.06240896151817548,0.00016266279944344175
440.0,0.09982351213693619,0.0,0.0004386856350020091,1.5025121498762521e-06,0.0004386856350020091,6.535686451393051e-06,0.10026219777193819,1.5025121498762521e-06,0.09938482650193418,1.5025121498762521e-06,0.00439461230737131,1.5051685897558197e-05,6.293283278206939,0.021554693916694283,0.06293664920613137,0.0002155600105398456
441.0,0.10116299986839294,0.0,0.00043986692000354955,1.0413294215608669e-06,0.00043986692000354955,4.4696395549184375e-06,0.10160286678839649,1.0413294215608669e-06,0.1007231329483894,1.0413294215608669e-06,0.004348100793529159,1.0293579894977162e-05,6.226676689995295,0.014740871252121007,0.06227054293190565,0.0001474176518003199
442.0,0.10255694389343262,0.0,0.00044390091161542356,1.132544443863833e-06,0.00044390091161542356,4.795084282195171e-06,0.10300084480504804,1.132544443863833e-06,0.1021130429818172,1.132544443863833e-06,0.0043283359932866465,1.1043079101895479e-05,6.1983726034995055,0.015814187962679676,0.06198748490255327,0.00015815146979536113
443.0,0.10344129800796509,0.0,0.00044729965720023343,1.5317685724381056e-06,0.00044729965720023343,6.429915347196643e-06,0.10388859766516532,1.5317685724381056e-06,0.10299399835076485,1.5317685724381056e-06,0.004324188363972297,1.480809504459387e-05,6.192433011020685,0.021205860815054527,0.061928085375829056,0.00021207146798123968
444.0,0.10486876219511032,0.0,0.0004470613568703136,1.1982641689128523e-06,0.0004470613568703136,4.9614942589806185e-06,0.10531582355198063,1.1982641689128523e-06,0.10442170083824001,1.1982641689128523e-06,0.004263055532576492,1.1426321278432363e-05,6.104888035795603,0.016363008066118078,0.061052582533841895,0.00016364000364969876
445.0,0.10582520067691803,0.0,0.00045070365470257324,1.0135830131514027e-06,0.00045070365470257324,4.158878998257222e-06,0.1062759043316206,1.0135830131514027e-06,0.10537449702221546,1.0135830131514027e-06,0.004258944484107915,9.577898332986385e-06,6.099000828739863,0.013715982936252319,0.06099370689311648,0.0001371681471205197
446.0,0.10717037320137024,0.0,0.00045053532200448564,1.2996672971085471e-06,0.00045053532200448564,5.2657896929661765e-06,0.10762090852337472,1.2996672971085471e-06,0.10671983787936576,1.2996672971085471e-06,0.004203916703340595,1.2127113662901103e-05,6.020198561709632,0.01736657440740245,0.06020563643490209,0.00017367627565341044
447.0,0.10847535729408264,0.0,0.0004486593174727794,1.2556216007975102e-06,0.0004486593174727794,5.026130390982959e-06,0.10892401661155542,1.2556216007975102e-06,0.10802669797660987,1.2556216007975102e-06,0.004136048303177646,1.1575178290433754e-05,5.923007947841891,0.016576178029461798,0.059233671357101655,0.00016577183255539997
448.0,0.10967622697353363,0.0,0.00044985193431330085,1.5624443068310406e-06,0.00044985193431330085,6.185831791941762e-06,0.11012607890784692,1.5624443068310406e-06,0.10922637503922034,1.5624443068310406e-06,0.004101635757600015,1.4245970616841876e-05,5.873727628556167,0.02040087324982393,0.05874083827927213,0.00020402110416182319
449.0,0.11056552827358246,0.0,0.0004531785453954683,1.3854920830892712e-06,0.0004531785453954683,5.441145823922937e-06,0.11101870681897792,1.3854920830892712e-06,0.110112349728187,1.3854920830892712e-06,0.004098732692472892,1.2530958832494525e-05,5.869570308196091,0.017944898927297843,0.05869926255455533,0.0001794598715646263
450.0,0.11206651479005814,0.0,0.00045142128852654345,1.2752710604736851e-06,0.00045142128852654345,4.941203048014532e-06,0.11251793607858468,1.2752710604736851e-06,0.11161509350153159,1.2752710604736851e-06,0.004028154970039193,1.1379590619577468e-05,5.768499822487737,0.016296087652351927,0.05768849640548531,0.0001629707589296153
451.0,0.11335514485836029,0.0,0.0004506488270396098,1.4711384771585996e-06,0.0004506488270396098,5.635317377163492e-06,0.1138057936853999,1.4711384771585996e-06,0.11290449603132068,1.4711384771585996e-06,0.0039755480671186585,1.2978135919607522e-05,5.6931643618572885,0.018585276709885197,0.05693509611363769,0.00018586403773360627
452.0,0.11431067436933517,0.0,0.00045086551112287227,1.5004282505404037e-06,0.00045086551112287227,5.699470469094861e-06,0.11476153988045805,1.5004282505404037e-06,0.1138598088582123,1.5004282505404037e-06,0.003944211803581318,1.3125880490325465e-05,5.648289417373507,0.01879685360707485,0.05648631945537084,0.00018797993501168668
453.0,0.11569657176733017,0.0,0.0004509305368030328,1.4456989124030954e-06,0.0004509305368030328,5.4257955605305516e-06,0.1161475023041332,1.4456989124030954e-06,0.11524564123052713,1.4456989124030954e-06,0.0038975272120410774,1.2495607175901859e-05,5.581434974082273,0.01789427375862976,0.05581773448004291,0.00017895358917741864
454.0,0.11672007292509079,0.0,0.00044433395300363254,1.4804787494680708e-06,0.00044433395300363254,5.507603785885633e-06,0.11716440687809443,1.4804787494680708e-06,0.11627573897208715,1.4804787494680708e-06,0.0038068340934707904,1.2684011518894612e-05,5.4515583327254316,0.01816407728585082,0.05451888930562467,0.00018165178806607996
455.0,0.11789405345916748,0.0,0.0004452595000602795,1.0735455768677591e-06,0.0004452595000602795,3.953981645749179e-06,0.11833931295922775,1.0735455768677591e-06,0.1174487939591072,1.0735455768677591e-06,0.003776776580292023,9.106019730160359e-06,5.408514616501559,0.013040231467680791,0.054088426040465265,0.0001304102226400994
456.0,0.11901107430458069,0.0,0.00044209795858075586,1.4652624747348017e-06,0.00044209795858075586,5.346063512594127e-06,0.11945317226316145,1.4652624747348017e-06,0.11856897634599993,1.4652624747348017e-06,0.0037147631946360784,1.2311984269504276e-05,5.319708647811458,0.01763131746453543,0.05320031249912598,0.0001763238667723795
457.0,0.11961528658866882,0.0,0.00043957550509670827,1.4275021737673105e-06,0.00043957550509670827,5.181985043185091e-06,0.12005486209376554,1.4275021737673105e-06,0.11917571108357211,1.4275021737673105e-06,0.0036749107712989366,1.1934111554455265e-05,5.262638177917452,0.01709018667242443,0.05262957319104712,0.00017091223069433067
458.0,0.12059777975082397,0.0,0.0004375420000889531,1.6073735873005017e-06,0.0004375420000889531,5.78740103086885e-06,0.12103532175091293,1.6073735873005017e-06,0.12016023775073502,1.6073735873005017e-06,0.0036281099120812265,1.3328384574090965e-05,5.19561723406161,0.01908684859980547,0.051959323109102486,0.00019088006080011642
459.0,0.1214810311794281,0.0,0.0004359134149918657,1.142454269686869e-06,0.0004359134149918657,4.083536270493993e-06,0.12191694459441997,1.142454269686869e-06,0.12104511776443623,1.142454269686869e-06,0.0035883249488392914,9.404384030947666e-06,5.138643370070335,0.013467502620089188,0.05138954991863548,0.00013468319327343287
460.0,0.12225961685180664,0.0,0.00043049654366865436,1.5518549819309699e-06,0.00043049654366865436,5.511555263672586e-06,0.1226901133954753,1.5518549819309699e-06,0.12182912030813799,1.5518549819309699e-06,0.0035211671257768455,1.2693111772237965e-05,5.042470334699105,0.01817710925959219,0.05042776124288837,0.00018178211570644924
461.0,0.1229800209403038,0.0,0.0004329394183504932,1.0811760626677081e-06,0.0004329394183504932,3.817402215270778e-06,0.12341296035865429,1.0811760626677081e-06,0.12254708152195332,1.0811760626677081e-06,0.003520404493675017,8.7914773017686e-06,5.041378211089972,0.012589792505963026,0.05041683934450257,0.0001259055598640608
462.0,0.12353614717721939,0.0,0.0004338231790585232,1.5151852915812357e-06,0.0004338231790585232,5.3257129574891725e-06,0.12396997035627791,1.5151852915812357e-06,0.12310232399816087,1.5151852915812357e-06,0.0035117104505143744,1.2265116941097565e-05,5.02892794867408,0.017564201333799292,0.050292329170154186,0.0001756526647639079
463.0,0.12378322333097458,0.0,0.0004352600881161244,1.4563080872796318e-06,0.0004352600881161244,5.1085486745975255e-06,0.1242184834190907,1.4563080872796318e-06,0.12334796324285846,1.4563080872796318e-06,0.003516309208981539,1.17649875975981e-05,5.0355135784720435,0.01684799352882264,0.05035818946184504,0.00016849015238557557
464.0,0.12470520287752151,0.0,0.0004328100580152971,1.5266267688889567e-06,0.0004328100580152971,5.315625328352045e-06,0.1251380129355368,1.5266267688889567e-06,0.12427239281950622,1.5266267688889567e-06,0.0034706656019827735,1.224188513119476e-05,4.97014987205349,0.017530932332905043,0.04970451275926871,0.00017531995457970714
465.0,0.12523120641708374,0.0,0.00043645245824817605,1.5859251610790079e-06,0.00043645245824817605,5.498904622668894e-06,0.1256676588753319,1.5859251610790079e-06,0.12479475395883556,1.5859251610790079e-06,0.0034851733105130916,1.2663977346006465e-05,4.9909255658150995,0.018135387445562014,0.0499122822958501,0.00018136487226486547
466.0,0.12579239904880524,0.0,0.00044291655534741916,1.5015716572598235e-06,0.00044291655534741916,5.18319710544289e-06,0.12623531560415266,1.5015716572598235e-06,0.12534948249345781,1.5015716572598235e-06,0.0035210120698594464,1.1936902933834978e-05,5.0422482876232975,0.01709418405375065,0.05042554063747471,0.0001709522069317174
467.0,0.12633222341537476,0.0,0.00044348586228813334,1.8770427460069188e-06,0.00044348586228813334,6.451579975947588e-06,0.12677570927766288,1.8770427460069188e-06,0.12588873755308663,1.8770427460069188e-06,0.003510473023418352,1.4857988684607295e-05,5.027155897192238,0.021277310760675145,0.050274607580713886,0.00021278601076670333
468.0,0.12686821818351746,0.0,0.00044956697790650565,1.2509325739383777e-06,0.00044956697790650565,4.281412997952286e-06,0.12731778516142397,1.2509325739383777e-06,0.12641865120561094,1.2509325739383777e-06,0.003543574461305966,9.860094134284113e-06,5.074558651058218,0.014120100067246639,0.05074866386573746,0.0001412095634984623
469.0,0.12717576324939728,0.0,0.00044921216456983193,1.606062132537645e-06,0.00044921216456983193,5.4835783334531766e-06,0.1276249754139671,1.606062132537645e-06,0.12672655108482744,1.606062132537645e-06,0.0035322152043145757,1.2628680901942663e-05,5.058291682079666,0.018084841343728578,0.05058598431120423,0.00018085938059395266
470.0,0.12735778093338013,0.0,0.00045780281059826315,1.4057476745015941e-06,0.00045780281059826315,4.792785055595731e-06,0.1278155837439784,1.4057476745015941e-06,0.12689997812278186,1.4057476745015941e-06,0.0035946198751510617,1.1037783983036968e-05,5.1476579888181515,0.01580660511335472,0.0514797015728321,0.0001580756367036584
471.0,0.12786900997161865,0.0,0.0004653791717117352,1.3319200889261428e-06,0.0004653791717117352,4.52292023458957e-06,0.1283343891433304,1.3319200889261428e-06,0.1274036307999069,1.3319200889261428e-06,0.0036394992955293007,1.0416285300259783e-05,5.211927345486598,0.014916590933676402,0.05212243411426287,0.0001491749551772332
472.0,0.12855647504329681,0.0,0.0004644683534431387,1.7200234045982122e-06,0.0004644683534431387,5.80960309208351e-06,0.12902094339673995,1.7200234045982122e-06,0.12809200668985368,1.7200234045982122e-06,0.003612951843045707,1.3379515921068323e-05,5.173910194687252,0.019160070997691417,0.05174223955159944,0.0001916123291830983
473.0,0.12891730666160583,0.0,0.00047127896216811894,1.2692366851652435e-06,0.00047127896216811894,4.275013145848188e-06,0.12938858562377395,1.2692366851652435e-06,0.12844602769943772,1.2692366851652435e-06,0.003655668694701914,9.845355274888376e-06,5.235082655287413,0.014098993355007323,0.052354001254302444,0.0001409984835763649
474.0,0.12900389730930328,0.0,0.00047277958898239703,1.168541826894479e-06,0.00047277958898239703,3.933213248394875e-06,0.12947667689828568,1.168541826894479e-06,0.1285311177203209,1.168541826894479e-06,0.003664847332858849,9.058190111053397e-06,5.2482268796215745,0.012971737293206298,0.05248545146867155,0.00012972523935855977
475.0,0.12931008636951447,0.0,0.0004769601793226721,1.667979927457052e-06,0.0004769601793226721,5.600985911530201e-06,0.12978704654883713,1.667979927457052e-06,0.1288331261901918,1.667979927457052e-06,0.0036884994257889384,1.289907055425405e-05,5.282097744790239,0.0184720515362266,0.052824180660603896,0.00018473171733408906
476.0,0.12989264726638794,0.0,0.0004724079242229202,1.6077560191851981e-06,0.0004724079242229202,5.374544192279098e-06,0.13036505519061087,1.6077560191851981e-06,0.129420239342165,1.6077560191851981e-06,0.003636910434615218,1.2377575274818762e-05,5.208219979748584,0.017725246746136465,0.05208535820863184,0.00017726321654974923
477.0,0.13002720475196838,0.0,0.000473953850861932,1.5740307502745401e-06,0.000473953850861932,5.256359350646928e-06,0.13050115860283032,1.5740307502745401e-06,0.12955325090110645,1.5740307502745401e-06,0.0036450360658449605,1.2105395584539874e-05,5.219856250610803,0.017335473138433567,0.05220172797381611,0.00017336524410303697
478.0,0.13012932240962982,0.0,0.00047248923528308683,2.105626590132919e-06,0.00047248923528308683,7.026066402429707e-06,0.1306018116449129,2.105626590132919e-06,0.12965683317434673,2.105626590132919e-06,0.003630920583723271,1.6181030924795612e-05,5.199642242778701,0.023171966995213174,0.05199957563715194,0.00023173372208493657
479.0,0.13020697236061096,0.0,0.0004669082120541525,2.2468663042761774e-06,0.0004669082120541525,7.492884751371307e-06,0.1306738805726651,2.2468663042761774e-06,0.12974006414855682,2.2468663042761774e-06,0.003585892549294828,1.725611358240812e-05,5.135160064079177,0.024711533910022572,0.051354714746349124,0.0002471303248697284
480.0,0.13027521967887878,0.0,0.00046579164751984825,1.953347677870345e-06,0.00046579164751984825,6.510641744282692e-06,0.13074101132639862,1.953347677870345e-06,0.12980942803135895,1.953347677870345e-06,0.003575443193786193,1.4994007937083039e-05,5.120196115113706,0.02147209647264432,0.0512050661821347,0.00021473398600993174
481.0,0.1303769052028656,0.0,0.0004618212054462138,2.369886164713261e-06,0.0004618212054462138,7.89283237953622e-06,0.13083872640831182,2.369886164713261e-06,0.12991508399741938,2.369886164713261e-06,0.00354220101119614,1.8177192970071917e-05,5.072591808478015,0.026030561187710452,0.05072899424718675,0.0002603213975418636
482.0,0.13041764497756958,0.0,0.00045391607747449845,2.045878178833709e-06,0.00045391607747449845,6.811605360796029e-06,0.13087156105504408,2.045878178833709e-06,0.12996372890009508,2.045878178833709e-06,0.0034804805557757702,1.5687127145913255e-05,4.984205329113543,0.022464674479905303,0.049845075853493896,0.00022466036800977463
483.0,0.13026663661003113,0.0,0.00044802646002155386,1.708085836709585e-06,0.00044802646002155386,5.693542325035885e-06,0.1307146630700527,1.708085836709585e-06,0.12981861015000956,1.708085836709585e-06,0.0034393031990437818,1.3112227974557644e-05,4.925237494766128,0.01877730258796835,0.04925536175026574,0.00018778441296433358
484.0,0.13002543151378632,0.0,0.00044034451518733107,1.6100700465208448e-06,0.00044034451518733107,5.376783242279915e-06,0.13046577602897363,1.6100700465208448e-06,0.129585086998599,1.6100700465208448e-06,0.003386602990359177,1.2382731806970643e-05,4.849768416067984,0.017732631133039158,0.04850062519671141,0.00017733706489687613
485.0,0.1296394169330597,0.0,0.0004348465750932931,1.9143002614190027e-06,0.0004348465750932931,6.411786482926754e-06,0.130074263508153,1.9143002614190027e-06,0.1292045703579664,1.9143002614190027e-06,0.003354277467306332,1.4766344270180313e-05,4.803476807284535,0.021146071820692437,0.04803768103634279,0.0002114735417798902
486.0,0.12944084405899048,0.0,0.00042620307634827097,1.6701309517477e-06,0.00042620307634827097,5.602543671013675e-06,0.12986704713533875,1.6701309517477e-06,0.1290146409826422,1.6701309517477e-06,0.0032926475367700487,1.2902658074344493e-05,4.715219963642041,0.0184771890270031,0.047155059078484475,0.00018478309535737304
487.0,0.1289753019809723,0.0,0.00042223171383029535,1.8753840746444692e-06,0.00042223171383029535,6.313784176925792e-06,0.12939753369480259,1.8753840746444692e-06,0.128553070267142,1.8753840746444692e-06,0.003273740842976178,1.4540644959460101e-05,4.6881447243314955,0.020822860215501265,0.04688429026619206,0.00020824122972336648
488.0,0.12797066569328308,0.0,0.00041062644403896725,1.6790559552352746e-06,0.00041062644403896725,5.697191298936909e-06,0.12838129213732205,1.6790559552352746e-06,0.1275600392492441,1.6790559552352746e-06,0.003208754458018891,1.3120631561451702e-05,4.5950812863857164,0.018789336903893925,0.045953599450446844,0.00018790476342153714
489.0,0.12737347185611725,0.0,0.0004059935561767412,1.525392622166872e-06,0.0004059935561767412,5.200064336727409e-06,0.12777946541229399,1.525392622166872e-06,0.1269674782999405,1.525392622166872e-06,0.0031874263161748226,1.1975748167483222e-05,4.564538424118353,0.017149812182526994,0.045648152305722105,0.0001715085219539434
490.0,0.1260257214307785,0.0,0.0003956859552085206,1.695574527667603e-06,0.0003956859552085206,5.842029604392303e-06,0.12642140738598703,1.695574527667603e-06,0.12563003547556997,1.695574527667603e-06,0.0031397237858769725,1.3454194178915472e-05,4.496226246557645,0.019267013635285813,0.04496498910368837,0.00019268182041206692
491.0,0.12551149725914001,0.0,0.0003879372912975361,1.763852014664026e-06,0.0003879372912975361,6.1021755448512995e-06,0.12589943455043756,1.763852014664026e-06,0.12512355996784247,1.763852014664026e-06,0.0030908506373449837,1.4053310279792542e-05,4.426237690822299,0.020124974946919585,0.04426506110330536,0.00020126195382028555
492.0,0.12527216970920563,0.0,0.00038520426346119784,1.5035163585184101e-06,0.00038520426346119784,5.211462538086209e-06,0.12565737397266682,1.5035163585184101e-06,0.12488696544574443,1.5035163585184101e-06,0.003074938865953809,1.2001998225212541e-05,4.403451315638585,0.017187403450608315,0.044037183533169134,0.00017188445743115933
493.0,0.12472623586654663,0.0,0.00037504766849242167,1.7374074941207415e-06,0.00037504766849242167,6.04853135878286e-06,0.12510128353503905,1.7374074941207415e-06,0.12435118819805421,1.7374074941207415e-06,0.0030069669455407245,1.3929767719276928e-05,4.306112456097832,0.01994805642126587,0.043063735908738236,0.0001994926612753763
494.0,0.12386154383420944,0.0,0.0003720899693602081,1.4314475437468988e-06,0.0003720899693602081,5.018165852893428e-06,0.12423363380356965,1.4314475437468988e-06,0.12348945386484923,1.4314475437468988e-06,0.003004079860802124,1.1556835959213566e-05,4.301978020375773,0.016549910982842527,0.043022389044279484,0.00016550914616013105
495.0,0.12312452495098114,0.0,0.00036924390130163625,1.0541184014160765e-06,0.00036924390130163625,3.7174992442031513e-06,0.12349376885228278,1.0541184014160765e-06,0.1227552810496795,1.0541184014160765e-06,0.0029989468097330017,8.561400759399856e-06,4.29462725944396,0.012260312507381993,0.04294887697725309,0.00012261056007230832
496.0,0.12264535576105118,0.0,0.0003603088018216229,2.025301223046774e-06,0.0003603088018216229,7.170419750903192e-06,0.1230056645628728,2.025301223046774e-06,0.12228504695922955,2.025301223046774e-06,0.0029378104012646776,1.6513476686330053e-05,4.207077161689495,0.023648044338478728,0.04207332290686565,0.00023649478422428907
497.0,0.12201321125030518,0.0,0.00035815301081884896,1.3354522271525877e-06,0.00035815301081884896,4.752559484453878e-06,0.12237136426112402,1.3354522271525877e-06,0.12165505823948633,1.3354522271525877e-06,0.002935362549257986,1.0945144492697281e-05,4.203571727074615,0.015673941179728892,0.042038266434922665,0.0001567489169162578
498.0,0.12043822556734085,0.0,0.00034585358991596647,1.4647257046419508e-06,0.00034585358991596647,5.280779292845366e-06,0.12078407915725682,1.4647257046419508e-06,0.12009237197742488,1.4647257046419508e-06,0.002871626415008819,1.2161634711422878e-05,4.112298704602295,0.01741601010780402,0.04112548085967037,0.00017417066263662588
499.0,0.11949499696493149,0.0,0.00034334712297300903,1.8816064210444589e-06,0.00034334712297300903,6.8373077155464395e-06,0.1198383440879045,1.8816064210444589e-06,0.11915164984195847,1.8816064210444589e-06,0.002873317977268722,1.574631966890345e-05,4.114721098146871,0.022549440845872157,0.041149706264123745,0.00022550808307415267
500.0,0.11906668543815613,0.0,0.00034110452256180986,1.0906634358316705e-06,0.00034110452256180986,3.9774666954789036e-06,0.11940778996071794,1.0906634358316705e-06,0.11872558091559432,1.0906634358316705e-06,0.002864819166726375,9.160105799687915e-06,4.102550417656789,0.013117685161689424,0.04102799207857981,0.0001311848065502852
501.0,0.11827049404382706,0.0,0.0003333124485026075,1.4311804037461106e-06,0.0003333124485026075,5.254410901493272e-06,0.11860380649232967,1.4311804037461106e-06,0.11793718159532444,1.4311804037461106e-06,0.0028182214946958213,1.2100908306139006e-05,4.03582044702858,0.01732904715312481,0.04036065190536586,0.00017330098035305108
502.0,0.1169220507144928,0.0,0.000331037561545169,1.7227563728811307e-06,0.000331037561545169,6.39784189174476e-06,0.11725308827603796,1.7227563728811307e-06,0.11659101315294763,1.7227563728811307e-06,0.0028312671521090248,1.4734229876688182e-05,4.054502417566463,0.02110008255897422,0.0405474829400173,0.00021101362127352567
503.0,0.11589646339416504,0.0,0.00032061687641650054,1.8148152244640063e-06,0.00032061687641650054,6.799364013499439e-06,0.11621708027058154,1.8148152244640063e-06,0.11557584651774853,1.8148152244640063e-06,0.0027664077662670284,1.5658935323089207e-05,3.9616208480888666,0.02242430251652115,0.03961861091924409,0.0002242566238932385
504.0,0.11515428125858307,0.0,0.0003193212335896307,1.4511524829231672e-06,0.0003193212335896307,5.471910965541405e-06,0.1154736024921727,1.4511524829231672e-06,0.11483496002499344,1.4511524829231672e-06,0.002772986206848736,1.2601810953641857e-05,3.9710414720743077,0.018046362364355552,0.03971282287202996,0.0001804745674654866
505.0,0.11382867395877838,0.0,0.000313475064653876,1.589839030951153e-06,0.000313475064653876,6.064675109698709e-06,0.11414214902343225,1.589839030951153e-06,0.11351519889412451,1.589839030951153e-06,0.0027539200251721903,1.3966946777636127e-05,3.9437378389135413,0.020001298511786343,0.03943976998273087,0.00020002511446808282
506.0,0.11223339289426804,0.0,0.00030500868707159835,1.3957175007618788e-06,0.00030500868707159835,5.399847489397434e-06,0.11253840158133964,1.3957175007618788e-06,0.11192838420719643,1.3957175007618788e-06,0.002717628677223886,1.2435848768082292e-05,3.8917669897891347,0.017808697020032738,0.03892002997490153,0.00017809776989530617
507.0,0.11094814538955688,0.0,0.0003022125981387438,1.5860806391832944e-06,0.0003022125981387438,6.2074221120953164e-06,0.11125035798769563,1.5860806391832944e-06,0.11064593279141814,1.5860806391832944e-06,0.00272390851670054,1.4295693124155511e-05,3.9007600035077648,0.020472078125690355,0.039009965565704394,0.00020473319610112773
508.0,0.11022526770830154,0.0,0.00029843435028932373,1.5639970977628943e-06,0.00029843435028932373,6.161136668497364e-06,0.11052370205859087,1.5639970977628943e-06,0.10992683335801222,1.5639970977628943e-06,0.002707494901070196,1.418909774754943e-05,3.8772549647110317,0.020319428732704307,0.03877490092362015,0.00020320660960038007
509.0,0.10903260856866837,0.0,0.00029230291146648126,1.113630480392937e-06,0.00029230291146648126,4.4349708398741275e-06,0.10932491148013485,1.113630480392937e-06,0.10874030565720189,1.113630480392937e-06,0.0026808760727978906,1.0213737844230115e-05,3.8391356005590285,0.014626533829904873,0.03839368416544508,0.00014627420824072848
510.0,0.10815583914518356,0.0,0.00029029259195764457,1.76303257128644e-06,0.00029029259195764457,7.078095640520342e-06,0.10844613173714121,1.76303257128644e-06,0.10786554655322592,1.76303257128644e-06,0.0026840214476813295,1.6300854260118345e-05,3.8436399194324897,0.02334355942243609,0.0384387300857254,0.00023344975041564192
511.0,0.1066058948636055,0.0,0.00028753383757622276,2.0828178930009955e-06,0.00028753383757622276,8.483521053029545e-06,0.10689342870118172,2.0828178930009955e-06,0.10631836102602928,2.0828178930009955e-06,0.0026971663991386353,1.953754898512704e-05,3.8624640835254964,0.027978652432891438,0.038626983142158254,0.00027980349137102044
512.0,0.10553567111492157,0.0,0.0002871786094097032,1.7489297291255102e-06,0.0002871786094097032,7.195801025715438e-06,0.10582284972433127,1.7489297291255102e-06,0.10524849250551187,1.7489297291255102e-06,0.0027211520652290558,1.657192976222265e-05,3.8968126405234154,0.023731751782809514,0.038970489542068915,0.00023733190943014658
513.0,0.10419243574142456,0.0,0.000287274169508691,2.0220218175469725e-06,0.000287274169508691,8.426664603176998e-06,0.10447970991093325,2.0220218175469725e-06,0.10390516157191587,2.0220218175469725e-06,0.002757149954931683,1.9406608581116627e-05,3.9483632441878815,0.02779113986127774,0.03948602684045018,0.00027792825194198375
514.0,0.10304544866085052,0.0,0.00028729758351993793,1.2636846440140674e-06,0.00028729758351993793,5.324955166922604e-06,0.10333274624437046,1.2636846440140674e-06,0.10275815107733059,1.2636846440140674e-06,0.002788066695361862,1.2263371749422755e-05,3.992637412637178,0.017561702140510747,0.039928795374044694,0.0001756276713154413
515.0,0.1022128164768219,0.0,0.00028354781013098453,1.2699735043027168e-06,0.00028354781013098453,5.395048669517462e-06,0.10249636428695288,1.2699735043027168e-06,0.10192926866669091,1.2699735043027168e-06,0.0027740925248379467,1.2424797085898716e-05,3.9726257693945066,0.01779287051206859,0.03972866680599443,0.00017793949521802493
516.0,0.10091683268547058,0.0,0.00028491517402990627,1.3882490756440308e-06,0.00028491517402990627,5.973238332344116e-06,0.1012017478595005,1.3882490756440308e-06,0.10063191751144067,1.3882490756440308e-06,0.0028232671046851702,1.3756367879388499e-05,4.04304598838545,0.019699740020070893,0.04043291170070616,0.00019700934667737363
517.0,0.09971075505018234,0.0,0.0002857282681522527,1.5965159656754604e-06,0.0002857282681522527,6.952441177158369e-06,0.09999648331833459,1.5965159656754604e-06,0.0994250267820301,1.5965159656754604e-06,0.0028655712015063133,1.6011472030995728e-05,4.1036273654224145,0.022929151002268302,0.04103876220932749,0.00022930541490503732
518.0,0.0985899344086647,0.0,0.0002844540339516491,1.4065936382838636e-06,0.0002844540339516491,6.195011732659293e-06,0.09887438844261635,1.4065936382838636e-06,0.09830548037471305,1.4065936382838636e-06,0.002885223888805524,1.426711202031435e-05,4.131770901120547,0.02043114869431035,0.04132021463334077,0.0002043238769665688
519.0,0.09744936227798462,0.0,0.00028536987382623126,1.4556526838259648e-06,0.00028536987382623126,6.4861177116653605e-06,0.09773473215181085,1.4556526838259648e-06,0.09716399240415839,1.4556526838259648e-06,0.002928391393800849,1.4937529089965324e-05,4.193588717653149,0.02139121621307236,0.04193843028673018,0.0002139251343661469
520.0,0.09649746119976044,0.0,0.0002847018815072001,1.3101845848713294e-06,0.0002847018815072001,5.895527371041254e-06,0.09678216308126764,1.3101845848713294e-06,0.09621275931825324,1.3101845848713294e-06,0.00295035618520404,1.3577399535508008e-05,4.225043290839308,0.019443449269694057,0.042252995093530026,0.00019444628375168263
521.0,0.09566773474216461,0.0,0.00028612253999843435,1.1060076032624744e-06,0.00028612253999843435,5.019941821018179e-06,0.09595385728216305,1.1060076032624744e-06,0.09538161220216618,1.1060076032624744e-06,0.0029907945533524656,1.1560926013804864e-05,4.282952860163452,0.016555768125717955,0.04283212590476379,0.00016556772114082157
522.0,0.09473223239183426,0.0,0.0002869833888441594,1.1686235297712161e-06,0.0002869833888441594,5.356522293368567e-06,0.09501921578067841,1.1686235297712161e-06,0.0944452490029901,1.1686235297712161e-06,0.0030294165100757916,1.233607084162781e-05,4.33826124630046,0.017665810523529533,0.043385243306695506,0.00017666881827988206
523.0,0.09391152858734131,0.0,0.0002825433297122047,1.051875943944202e-06,0.0002825433297122047,4.863530855769865e-06,0.0941940719170535,1.051875943944202e-06,0.09362898525762911,1.051875943944202e-06,0.0030086117643099443,1.1200711560837998e-05,4.308467910852886,0.016039924762329013,0.04308729188470282,0.00016040897468500167
524.0,0.09306175261735916,0.0,0.00028047774431509833,1.0269237184285889e-06,0.00028047774431509833,4.791516846832421e-06,0.09334223036167426,1.0269237184285889e-06,0.09278127487304406,1.0269237184285889e-06,0.0030138884818593,1.1034863298255065e-05,4.3160244086721535,0.015802422560853326,0.0431628614453684,0.0001580338086422269
525.0,0.0920340046286583,0.0,0.00027638389610395693,1.3774348554805407e-06,0.00027638389610395693,6.498734742384836e-06,0.09231038852476225,1.3774348554805407e-06,0.09175762073255433,1.3774348554805407e-06,0.003003062805091655,1.4966586111712277e-05,4.300521550669682,0.02143282718038519,0.043007823463974366,0.00021434126927333665
526.0,0.09144841879606247,0.0,0.0002705907425997535,1.0691149470920968e-06,0.0002705907425997535,5.076381617435621e-06,0.09171900953866222,1.0691149470920968e-06,0.09117782805346272,1.0691149470920968e-06,0.002958943917917195,1.1690906864954236e-05,4.237341311893577,0.01674190657430268,0.04237598276193874,0.00016742921850626167
527.0,0.09064805507659912,0.0,0.00026818246020530784,1.1219562494361322e-06,0.00026818246020530784,5.374319651008813e-06,0.09091623753680443,1.1219562494361322e-06,0.09037987261639381,1.1219562494361322e-06,0.002958502087868175,1.2377058156273297e-05,4.236708591311004,0.017724506209027064,0.04236965517241344,0.00017725581072957266
528.0,0.09006215631961823,0.0,0.0002619916079719754,1.3531354000450847e-06,0.0002619916079719754,6.523865174960812e-06,0.0903241479275902,1.3531354000450847e-06,0.08980016471164624,1.3531354000450847e-06,0.002909008829881922,1.5024461497934747e-05,4.165832010833947,0.021515707347020758,0.041660846386090127,0.0002151701212005575
529.0,0.08915556967258453,0.0,0.00025780882125119633,1.3427853109628875e-06,0.00025780882125119633,6.539795444916827e-06,0.08941337849383572,1.3427853109628875e-06,0.08889776085133334,1.3427853109628875e-06,0.00289167375855457,1.5061148909643453e-05,4.141007405867551,0.021568245377335697,0.041412585282087196,0.0002156955333642468
530.0,0.08859584480524063,0.0,0.0002535581037037407,1.3420263788543075e-06,0.0002535581037037407,6.577392529732928e-06,0.08884940290894437,1.3420263788543075e-06,0.08834228670153689,1.3420263788543075e-06,0.0028619638343212934,1.5147734995974935e-05,4.0984614527102154,0.021692240563059195,0.04098709994945068,0.0002169355604156514
531.0,0.0880906730890274,0.0,0.0002477810083244637,1.1444280781444253e-06,0.0002477810083244637,5.64111090605808e-06,0.08833845409735187,1.1444280781444253e-06,0.08784289208070294,1.1444280781444253e-06,0.0028127950398795097,1.2991478416651757e-05,4.028049518681122,0.018604383768179546,0.04028293790938167,0.0001860551199036076
532.0,0.08702683448791504,0.0,0.000243159984795444,1.3127485716988505e-06,0.000243159984795444,6.549896383249336e-06,0.08726999447271049,1.3127485716988505e-06,0.08678367450311959,1.3127485716988505e-06,0.0027940805410911545,1.5084411370623218e-05,4.001249511297711,0.021601558271956308,0.040014921583268984,0.00021602868251232958
533.0,0.08608675003051758,0.0,0.0002334898448941718,1.1506596930953838e-06,0.0002334898448941718,5.80385628355786e-06,0.08632023987541175,1.1506596930953838e-06,0.0858532601856234,1.1506596930953838e-06,0.002712262279751531,1.3366281021033752e-05,3.884082066270321,0.019141118023173823,0.03884317607935953,0.00019142278794430533
534.0,0.0851208046078682,0.0,0.00022883335662147165,1.1402453681456273e-06,0.00022883335662147165,5.816592763167591e-06,0.08534963796448966,1.1402453681456273e-06,0.08489197125124673,1.1402453681456273e-06,0.002688336390564608,1.3395613133574963e-05,3.8498191124976455,0.019183122932926715,0.038500525763613506,0.00019184286251479348
535.0,0.08435050398111343,0.0,0.00022606093695692395,8.260706673515969e-07,0.00022606093695692395,4.252414413241153e-06,0.08457656491807036,8.260706673515969e-07,0.0841244430441565,8.260706673515969e-07,0.002680018805904708,9.793310393694375e-06,3.8379079556551137,0.014024462734869321,0.03838140697192752,0.0001402531321775197
536.0,0.08322538435459137,0.0,0.00021796870640898306,8.414528153854382e-07,0.00021796870640898306,4.390156683618296e-06,0.08344335306100036,8.414528153854382e-07,0.08300741564818238,8.414528153854382e-07,0.002619017119588204,1.0110530842372937e-05,3.750550786105904,0.01447873674257314,0.03750778230058972,0.00014479614773909864
537.0,0.08241241425275803,0.0,0.00021309654855042283,1.1143229299204749e-06,0.00021309654855042283,5.87116779449623e-06,0.08262551080130845,1.1143229299204749e-06,0.0821993177042076,1.1143229299204749e-06,0.0025857335995139994,1.3521299430724818e-05,3.7028872823261696,0.019363111386248567,0.03703111835830252,0.00019364285619807465
538.0,0.08158184587955475,0.0,0.00021038067969734764,1.435508347594506e-06,0.00021038067969734764,7.640438016719588e-06,0.0817922265592521,1.435508347594506e-06,0.0813714651998574,1.435508347594506e-06,0.0025787683206867865,1.7595928752505207e-05,3.6929126885041352,0.025198164579141202,0.03693136637120782,0.00025199692666744546
539.0,0.08104053884744644,0.0,0.0002035551988059602,1.3077473862409374e-06,0.0002035551988059602,7.006927157572961e-06,0.08124409404625241,1.3077473862409374e-06,0.08083698364864048,1.3077473862409374e-06,0.0025117700560843958,1.613695324389053e-05,3.596968148053121,0.023108845765675626,0.03597186278322863,0.00023110247151107138
540.0,0.08023817837238312,0.0,0.00020061145279087528,9.904741001249991e-07,0.00020061145279087528,5.360041167285906e-06,0.080438789825174,9.904741001249991e-07,0.08003756691959224,9.904741001249991e-07,0.002500199491816018,1.234417480825944e-05,3.5803985775116054,0.01767741576970892,0.035806157029559665,0.00017678487777942375
541.0,0.07908225804567337,0.0,0.00019688957015376484,1.120556462844542e-06,0.00019688957015376484,6.152629245522043e-06,0.07927914761582713,1.120556462844542e-06,0.07888536847551961,1.120556462844542e-06,0.0024896806821076444,1.4169505152437261e-05,3.5653351669956628,0.020291371251731697,0.035655513789524244,0.000202926017775808
542.0,0.07815096527338028,0.0,0.00019224027239668148,8.840998953453231e-07,0.00019224027239668148,4.912166224971747e-06,0.07834320554577696,8.840998953453231e-07,0.0779587250009836,8.840998953453231e-07,0.0024598579393639583,1.1312718816109933e-05,3.5226276526367064,0.01620032420995682,0.035228412746896254,0.00016201306643201817
543.0,0.07720129936933517,0.0,0.00018915193490731279,9.300711696640184e-07,0.00018915193490731279,5.231155553497733e-06,0.07739045130424249,9.300711696640184e-07,0.07701214743442786,9.300711696640184e-07,0.0024501133588749557,1.2047351239705278e-05,3.5086729733259245,0.017252351015435523,0.03508885749127824,0.0001725339724654622
544.0,0.07644645869731903,0.0,0.00018369968917928873,1.1120846075504891e-06,0.00018369968917928873,6.316645724777129e-06,0.07663015838649832,1.1120846075504891e-06,0.07626275900813974,1.1120846075504891e-06,0.002402984942790176,1.454723510416173e-05,3.4411829532444638,0.02083229760031497,0.034413916362616405,0.00020833560929459926
545.0,0.07537490874528885,0.0,0.00018084359150366409,1.0168629588074615e-06,0.00018084359150366409,5.857896448575675e-06,0.07555575233679251,1.0168629588074615e-06,0.07519406515378518,1.0168629588074615e-06,0.0023992545332927827,1.349073552106978e-05,3.4358408383845407,0.019319342487402576,0.03436049197440841,0.0001932051406669229
546.0,0.07424590736627579,0.0,0.00017548084506483944,7.123469345619415e-07,0.00017548084506483944,4.166055992182597e-06,0.07442138821134063,7.123469345619415e-07,0.07407042652121094,7.123469345619415e-07,0.0023635086604726027,9.59442694999652e-06,3.3846511342764414,0.013739652662218204,0.033848563890450455,0.00013740485873416642
547.0,0.07327472418546677,0.0,0.00017429239265123996,8.345957137652289e-07,0.00017429239265123996,4.945702853456889e-06,0.073449016578118,8.345957137652289e-07,0.07310043179281553,8.345957137652289e-07,0.0023786154719611886,1.1389953671511216e-05,3.4062847705288757,0.016310928010700818,0.03406491337222055,0.0001631191715127151
548.0,0.07242093980312347,0.0,0.00016780475990726314,1.479570355080817e-06,0.00016780475990726314,8.871101061137874e-06,0.07258874456303074,1.479570355080817e-06,0.0722531350432162,1.479570355080817e-06,0.0023170751493068282,2.0430145743800525e-05,3.318156249419852,0.029256891299632708,0.033183574717515325,0.0002925866551984494
549.0,0.07167906314134598,0.0,0.0001650805685609887,1.022263338686093e-06,0.0001650805685609887,6.192649895817133e-06,0.07184414370990697,1.022263338686093e-06,0.07151398257278499,1.022263338686093e-06,0.002303051425706578,1.4261672710066857e-05,3.298073643934127,0.020423359356404904,0.032982736484001025,0.00020424597886384066
550.0,0.07085065543651581,0.0,0.00016322937322470432,1.3926654694292263e-06,0.00016322937322470432,8.535107537852506e-06,0.07101388480974051,1.3926654694292263e-06,0.0706874260632911,1.3926654694292263e-06,0.0023038512801192425,1.965635265967432e-05,3.2992190715732796,0.028148784659837566,0.0329941914550121,0.00028150491681345135
551.0,0.07006832212209702,0.0,0.0001571606784069227,9.369445452238674e-07,0.0001571606784069227,5.806283423110453e-06,0.07022548280050393,9.369445452238674e-07,0.0699111614436901,9.369445452238674e-07,0.0022429633484453014,1.3371870723423374e-05,3.2120248038092067,0.019149122729418277,0.032122195900313906,0.00019150283986102897
552.0,0.06922031939029694,0.0,0.00015564988119421696,1.0733572086642093e-06,0.00015564988119421696,6.7331259822651226e-06,0.06937596927149116,1.0733572086642093e-06,0.06906466950910271,1.0733572086642093e-06,0.0022486154725260546,1.550638913715658e-05,3.2201189007342284,0.022205849489510373,0.032203141778052245,0.00022207196114706827
553.0,0.06806029379367828,0.0,0.00015207682701289739,1.0470812992283994e-06,0.00015207682701289739,6.6802489242288006e-06,0.06821237062069119,1.0470812992283994e-06,0.06790821696666538,1.0470812992283994e-06,0.002234442705667881,1.538461327249893e-05,3.1998228585725887,0.022031460952106584,0.03200016904834479,0.0002203279700189143
554.0,0.06735271215438843,0.0,0.00014851673186784352,8.696513126344478e-07,0.00014851673186784352,5.606555560015506e-06,0.06750122888625627,8.696513126344478e-07,0.06720419542252058,8.696513126344478e-07,0.0022050594121200027,1.291189745471571e-05,3.157744655306891,0.01849042023693114,0.03157936149828135,0.00018491541548043143
555.0,0.06650561839342117,0.0,0.00014235917320638865,5.996339212527579e-07,0.00014235917320638865,3.915019403851117e-06,0.06664797756662756,5.996339212527579e-07,0.06636325922021478,5.996339212527579e-07,0.002140558597083446,9.016289687069122e-06,3.0653765754152,0.012911733993900986,0.030655624684761712,0.00012912516997781756
556.0,0.06567269563674927,0.0,0.00013992886574924345,1.0887238639697025e-06,0.00013992886574924345,7.198449487830739e-06,0.06581262450249852,1.0887238639697025e-06,0.06553276677100002,1.0887238639697025e-06,0.002130700809408252,1.6578029170474192e-05,3.0512597783015263,0.023740486410865777,0.030514448152801982,0.00023741926100763342
557.0,0.06501985341310501,0.0,0.00013679127888429946,7.971243739428407e-07,0.00013679127888429946,5.323364019563323e-06,0.06515664469198931,7.971243739428407e-07,0.06488306213422071,7.971243739428407e-07,0.0021038386231847245,1.2259707337054333e-05,3.012791914573696,0.01755645453651984,0.030129746187528696,0.00017557519209323753
558.0,0.06421322375535965,0.0,0.00013047059961135245,8.910571223684369e-07,0.00013047059961135245,6.02541735788763e-06,0.064343694354971,8.910571223684369e-07,0.0640827531557483,8.910571223684369e-07,0.0020318338183490207,1.3876536175215211e-05,2.9096777824207862,0.0198718264463134,0.029098542334688407,0.0001987303152978498
559.0,0.06349673122167587,0.0,0.00012803282725150765,8.563731486066626e-07,0.00012803282725150765,5.8562247410662725e-06,0.06362476404892738,8.563731486066626e-07,0.06336869839442437,8.563731486066626e-07,0.0020163687923481816,1.3486885578675625e-05,2.887531166810379,0.019313829196036567,0.028877062748253458,0.0001931500044098478
560.0,0.06299006938934326,0.0,0.00012191996545209862,6.261280700675328e-07,0.00012191996545209862,4.3161561621239746e-06,0.06311198935479537,6.261280700675328e-07,0.06286814942389116,6.261280700675328e-07,0.0019355426440080283,9.940107641371514e-06,2.771784472400555,0.014234683022684868,0.027719525612102818,0.00014235546253917294
561.0,0.062384944409132004,0.0,0.00011762009623926962,8.186084934647885e-07,0.00011762009623926962,5.6977385357161115e-06,0.06250256450537127,8.186084934647885e-07,0.06226732431289273,8.186084934647885e-07,0.0018853923387010699,1.3121891847754203e-05,2.6999669704889833,0.018791141690791737,0.027001307040833124,0.0001879228123849888
562.0,0.06170525774359703,0.0,0.00011386436515666934,9.116792472512769e-07,0.00011386436515666934,6.4154328013245215e-06,0.0618191221087537,9.116792472512769e-07,0.061591393378440364,9.116792472512769e-07,0.0018452943771794666,1.4774741741450373e-05,2.6425448788266963,0.02115809737876827,0.02642705130183811,0.00021159380465328537
563.0,0.061233919113874435,0.0,0.00010636527631131092,9.263448672809184e-07,0.00010636527631131092,6.568810076918177e-06,0.06134028439018575,9.263448672809184e-07,0.061127553837563124,9.263448672809184e-07,0.0017370319889783207,1.5127969607142561e-05,2.487508249956796,0.02166393563367615,0.024876590994564903,0.0002166524939569153
564.0,0.060455624014139175,0.0,0.00010198868485990978,1.2101804597433595e-06,0.00010198868485990978,8.691995445287103e-06,0.060557612698999085,1.2101804597433595e-06,0.060353635329279266,1.2101804597433595e-06,0.0016870007798787583,2.0017665510496197e-05,2.4158612991924207,0.028666200978556867,0.024160078038194182,0.0002866793937764592
565.0,0.059827178716659546,0.0,9.641834297296951e-05,1.239830276680338e-06,9.641834297296951e-05,8.998492861251537e-06,0.059923597059632516,1.239830276680338e-06,0.059730760373686576,1.239830276680338e-06,0.0016116144040421005,2.0723529059462294e-05,2.307904604659508,0.02967702945640757,0.02308044562488778,0.00029678829154979817
566.0,0.05936770141124725,0.0,9.188932392443669e-05,8.282488624291464e-07,9.188932392443669e-05,6.057824339164784e-06,0.05945959073517169,8.282488624291464e-07,0.05927581208732282,8.282488624291464e-07,0.001547799927234983,1.3951169453096495e-05,2.2165193921063717,0.019978704670565457,0.0221665380807921,0.0001997991623543329
567.0,0.05853703245520592,0.0,8.44534573093226e-05,1.0031785464093997e-06,8.44534573093226e-05,7.4413819404025225e-06,0.05862148591251524,1.0031785464093997e-06,0.0584525789978966,1.0031785464093997e-06,0.0014427355430760623,1.7137502608747006e-05,2.066062449441969,0.02454167763944752,0.020661877412824443,0.000245431659158356
568.0,0.05808209627866745,0.0,8.017359642337199e-05,9.516374030431264e-07,8.017359642337199e-05,7.114350913105771e-06,0.05816226987509082,9.516374030431264e-07,0.05800192268224408,9.516374030431264e-07,0.0013803495665637392,1.638435015288259e-05,1.976722913819892,0.02346312931142283,0.019768427878595417,0.00023464552181605452
569.0,0.05757956579327583,0.0,7.559193321663987e-05,1.071137191995512e-06,7.559193321663987e-05,8.077608041842664e-06,0.057655157726492476,1.071137191995512e-06,0.05750397386005919,1.071137191995512e-06,0.0013128256904199776,1.8602731320363655e-05,1.8800256739058123,0.026639951321997108,0.01880139683952744,0.00026641566843605476
570.0,0.057006753981113434,0.0,7.083060034749621e-05,5.265453127359031e-07,7.083060034749621e-05,4.0106568038751795e-06,0.05707758458146093,5.265453127359031e-07,0.05693592338076594,5.265453127359031e-07,0.0012424948870262405,9.23654261932454e-06,1.7793087874131746,0.013227146139180341,0.017794166897047096,0.00013227948270541116
571.0,0.05613601580262184,0.0,6.652123958118777e-05,6.148347950252435e-07,6.652123958118777e-05,4.755792674412489e-06,0.05620253704220303,6.148347950252435e-07,0.05606949456304065,6.148347950252435e-07,0.0011850010840648382,1.0952590529171962e-05,1.6969750652391822,0.015684604240212386,0.016970779745821316,0.0001568555539874727
